{"cameraMode":{"drawMode":0,"name":"Shaded","section":"Shading Mode"},"sceneLighting":true,"audioPlay":false,"sceneViewState":{"m_AlwaysRefresh":false,"showFog":true,"showSkybox":true,"showFlares":true,"showImageEffects":true,"showParticleSystems":true,"showVisualEffectGraphs":true,"m_FxEnabled":true},"in2DMode":false,"pivot":{"x":-2.4700000286102297,"y":-0.30000001192092898,"z":14.390000343322754},"rotation":{"x":-0.2453600913286209,"y":0.43942147493362429,"z":-0.12612441182136537,"w":-0.854881763458252},"size":2.470587730407715,"orthographic":false}